genre,main_genre,count
rock,rock,5330
classic israeli pop,pop,4825
classic rock,rock,3525
israeli rock,rock,2928
mellow gold,rock,2462
art rock,rock,2290
folk rock,rock,2230
album rock,rock,2131
permanent wave,rock,2025
soft rock,rock,2011
pop,pop,1959
israeli pop,pop,1876
alternative rock,rock,1714
dance pop,pop,1665
israeli singer-songwriter,singer-songwriter,1588
psychedelic rock,rock,1451
blues rock,other,1439
new wave pop,pop,1358
singer-songwriter,singer-songwriter,1348
folk,other,1255
country rock,rock,1246
soul,soul,1239
new wave,rock,1188
roots rock,rock,1175
mizrahi,mizrahi,1169
hard rock,rock,1120
indie rock,indie,1077
art pop,pop,1012
pop rock,rock,976
israeli mediterranean,mizrahi,969
funk,other,916
modern rock,rock,911
adult standards,other,903
hip hop,hip hop,858
new romantic,other,852
rap,hip hop,838
electronica,electronic,786
symphonic rock,rock,745
melancholia,other,669
brill building pop,pop,657
israeli hip hop,hip hop,654
synthpop,electronic,630
progressive rock,rock,592
indie pop,indie,569
disco,electronic,558
british invasion,rock,547
glam rock,rock,546
europop,pop,543
pop rap,pop,541
indie folk,indie,533
israeli indie,indie,527
quiet storm,soul,513
beatlesque,rock,499
edm,electronic,480
classic soul,soul,463
electric blues,other,457
alternative metal,rock,450
classical,other,449
post-punk,rock,448
alternative dance,electronic,432
electropop,electronic,428
indie soul,indie,427
motown,soul,425
dance rock,rock,424
urban contemporary,hip hop,415
rock-and-roll,rock,414
classic uk pop,pop,406
pop dance,electronic,394
dream pop,rock,393
stomp and holler,indie,383
r&b,soul,381
jazz fusion,jazz,374
britpop,rock,369
chamber pop,indie,364
vocal jazz,jazz,357
neo-psychedelic,rock,355
world,other,346
new rave,indie,342
merseybeat,rock,342
lilith,other,327
neo soul,soul,325
blues,other,322
piano rock,rock,321
progressive house,electronic,319
metal,rock,316
post-teen pop,pop,316
chamber psych,other,314
jazz,jazz,307
trip hop,indie,304
jazz blues,jazz,302
punk,rock,301
bubblegum pop,pop,300
grunge,rock,289
southern soul,soul,287
tropical house,electronic,286
indie r&b,indie,284
heartland rock,rock,283
sophisti-pop,pop,282
experimental,other,277
baroque pop,pop,276
nu metal,rock,273
lounge,other,267
rockabilly,rock,264
funk rock,rock,254
afropop,other,249
alternative country,other,247
gangster rap,hip hop,241
canadian pop,pop,238
big beat,electronic,238
festigal,pop,234
protopunk,rock,231
electro house,electronic,228
uk post-punk,rock,228
jazz funk,jazz,226
east coast hip hop,hip hop,225
indie jazz,indie,221
conscious hip hop,hip hop,219
madchester,rock,218
new americana,other,215
downtempo,other,214
alternative hip hop,hip hop,213
uk pop,pop,212
pub rock,rock,212
israeli trap,hip hop,208
yacht rock,rock,205
escape room,other,205
baroque,other,204
acid rock,rock,203
alternative r&b,soul,202
eurodance,electronic,201
trance,electronic,200
float house,electronic,200
early music,other,197
jam band,other,196
house,electronic,194
metropopolis,indie,194
tech house,electronic,193
neo mellow,rock,191
hip pop,hip hop,190
british blues,other,187
british folk,other,187
deep house,electronic,186
german baroque,other,182
indietronica,indie,180
progressive trance,electronic,179
microhouse,electronic,176
jewish pop,pop,175
disco house,electronic,175
anti-folk,other,174
zolo,rock,173
traditional blues,other,171
bossa nova,other,170
garage rock,rock,170
modern blues rock,other,168
canadian singer-songwriter,singer-songwriter,168
southern hip hop,hip hop,168
hip house,pop,167
funk metal,rock,161
rap rock,rock,159
power pop,rock,158
hardcore hip hop,hip hop,158
british soul,soul,157
nu jazz,jazz,156
cosmic american,other,154
latin,other,153
minimal techno,electronic,153
vocal house,electronic,150
shoegaze,indie,149
afrobeat,other,148
punk blues,other,148
memphis soul,soul,147
trap,hip hop,146
underground hip hop,hip hop,146
uplifting trance,electronic,146
experimental pop,indie,146
chillwave,electronic,144
soul jazz,jazz,144
torch song,jazz,144
modern blues,other,143
psychedelic soul,soul,142
sefardi,mizrahi,140
southern rock,rock,140
arab alternative,other,139
soul blues,,139
experimental rock,,136
solo wave,,132
freak folk,,130
mpb,,128
post-disco,,126
noise pop,,125
flute rock,,125
acoustic blues,,124
soundtrack,,124
reggae,,122
easy listening,,121
jewish hip hop,,117
chanson,,117
glam metal,,114
german techno,,113
post-grunge,,112
west coast rap,,112
persian pop,,111
double drumming,,110
latin pop,,108
bubblegum dance,,108
atl hip hop,,105
eurovision,,105
bebop,,104
trap latino,,103
contemporary jazz,,102
classic garage rock,,100
country,,99
samba,,99
judaica,,99
art punk,,98
indie garage rock,,98
classic canadian rock,,98
irish rock,,97
mande pop,,96
outlaw country,,96
jazz trumpet,,95
roots reggae,,95
modern folk rock,,95
freakbeat,,94
progressive electro house,,94
modern alternative rock,,94
classical era,,94
australian dance,,93
muzika l'yeladim,pop,93
scottish indie,,92
hard bop,,92
compositional ambient,,91
rap metal,,91
sunshine pop,,91
filter house,,91
chicago rap,,89
reggaeton,,88
early romantic era,,87
rhythm and blues,,87
space rock,,85
fourth world,,85
golden age hip hop,,85
old school hip hop,,84
oxford indie,,84
french indietronica,,84
chicago blues,,83
new french touch,,83
afrofuturism,,83
swedish pop,,82
pop soul,,82
uk dance,,82
supergroup,,82
swamp rock,,80
ska,,80
boy band,,79
uk contemporary jazz,,79
french indie pop,,79
latin jazz,,79
brooklyn indie,,78
german romanticism,,78
australian pop,,77
psychedelic folk,,76
jazz piano,,76
hi-nrg,,75
chicago soul,,74
uk bass,,74
girl group,,74
proto-metal,,74
ninja,,73
cool jazz,,73
new age,,73
lo-fi,,73
jazz saxophone,,73
diva house,,73
israeli jazz,,72
electro,,72
neo-synthpop,,72
hollywood,,72
organic house,,72
political hip hop,,71
tropicalia,,70
old school thrash,,70
ambient,,70
progressive trance house,,70
orchestral soundtrack,,70
canadian indie,,69
gothic rock,,68
melodic techno,,68
french pop,,68
canterbury scene,,67
instrumental funk,,67
contemporary post-bop,,66
louisiana blues,,66
free jazz,,66
scottish rock,,66
malian blues,,66
palestinian pop,,66
epicore,,66
acoustic rock,,66
techno,,65
slowcore,,65
electra,,64
candy pop,,64
nu disco,,64
uk alternative pop,,64
piano blues,,63
swing,,63
contemporary vocal jazz,,62
american folk revival,,62
big room,,62
minneapolis sound,,62
late romantic era,,61
australian rock,,61
dance-punk,,61
turntablism,,61
instrumental rock,,61
scottish new wave,,60
queens hip hop,,60
stoner rock,,59
messianic praise,,59
garage psych,,59
contemporary r&b,,59
dark pop,,58
sheffield indie,,58
laiko,,58
dub,,58
synth funk,,58
sleep,,58
chicago indie,,58
lgbtq+ hip hop,,57
melodic rap,,57
viral pop,,57
future garage,,57
minimal tech house,,57
progressive uplifting trance,,57
ectofolk,,56
uk contemporary r&b,,56
jazz guitar,,56
funky tech house,,56
industrial,,55
k-pop,,55
canadian hip hop,,55
tropical,,55
psychedelic trance,,55
italian disco,,55
alt z,,55
g funk,,54
trap queen,,54
ethereal wave,,54
classic house,,54
doo-wop,,54
athens indie,,54
neo-progressive,,53
breakbeat,,53
deep new americana,,53
jazz pop,,53
australian psych,,53
jazz rock,,53
avant-garde jazz,,53
canadian contemporary r&b,,53
new orleans blues,,53
dirty south rap,,53
thrash metal,,53
reggae fusion,,52
classic country pop,,51
philly soul,,51
toronto rap,,51
video game music,,51
tribal house,,51
alternative americana,,51
nashville sound,,51
northern soul,,50
classic girl group,,50
british jazz,,50
classic soundtrack,,49
indie poptimism,,49
rave,,49
icelandic pop,,49
salsa,,49
australian indie,,49
bubble trance,,49
movie tunes,,49
black americana,,49
alternative pop,,49
krautrock,,48
country blues,,48
palm desert scene,,48
experimental vocal,,48
miami hip hop,,47
italian adult pop,,47
pop edm,,47
dark disco,,47
mexican classic rock,,45
harlem renaissance,,45
minimalism,,45
hardcore techno,,45
ambient pop,,45
boom bap,,45
jazztronica,,45
greek pop,,45
middle east hip hop,,44
birmingham metal,,44
new jersey rap,,44
icelandic experimental,,44
la indie,,44
icelandic singer-songwriter,,44
classic arab pop,,43
dutch trance,,43
electronic rock,,43
egyptian alternative,,43
shimmer pop,,43
intelligent dance music,,43
laboratorio,,42
texas country,,42
jordanian pop,,42
early modern classical,,42
boston rock,,42
detroit rock,,42
synthwave,,41
wonky,,41
afro house,,41
deep disco house,,41
new jersey indie,,41
nz pop,,41
detroit hip hop,,41
barbadian pop,,41
celtic rock,,41
rock en espanol,,40
electroclash,,40
ecm-style jazz,,40
smooth jazz,,40
palestinian hip hop,,40
shiver pop,,40
post-romantic era,,40
vapor soul,,40
old school atlanta hip hop,,39
brazilian jazz,,39
industrial rock,,39
balkan brass,,39
turkish psych,,39
french rock,,38
disney,,38
mexican pop,,38
musica tradicional cubana,,38
etherpop,,38
latin alternative,,38
post-hardcore,,38
dutch indie,,37
noise rock,,37
austindie,,37
swedish electropop,,37
no wave,,37
dreamo,,37
arkansas country,,36
uk house,,36
jangle pop,,36
delta blues,,36
bedroom pop,,36
arab folk,,36
french romanticism,,36
philly indie,,36
german rock,,36
arab pop,,36
women's music,,35
colombian pop,,35
belgian indie,,35
acoustic pop,,35
slap house,,35
harmonica blues,,35
outsider house,,35
ethio-jazz,,35
pastoral,,35
rai,,35
post-rock,,34
quebec indie,,34
rare groove,,34
modern funk,,34
deep groove house,,34
dutch pop,,34
organic electronic,,34
focus trance,,34
desi pop,,34
gypsy fusion,,33
instrumental soul,,33
canadian electronic,,33
israeli folk,,33
scorecore,,33
ambient folk,,33
classic italian pop,,33
francoton,,33
filmi,,33
electro-pop francais,,33
country dawn,,33
soulful house,,33
nederpop,,32
german pop,,32
world fusion,,32
violao,,32
dark techno,,32
folk-pop,,32
latin rock,,32
drift,,31
classical organ,,31
jazz double bass,,31
talent show,,31
rumba,,31
ska revival,,31
hammond organ,,31
egyptian pop,,31
rock keyboard,,31
speed metal,,31
pop punk,,31
dark wave,,31
big band,,31
bay area indie,,31
nova mpb,,31
puerto rican pop,,31
egyptian hip hop,,31
uk post-punk revival,,31
belgian rock,,31
uk doom metal,,31
arabic hip hop,,30
welsh rock,,30
progressive psytrance,,30
experimental ambient,,30
spiritual jazz,,30
stride,,30
latin hip hop,,30
drone,,30
lebanese indie,,30
modern bollywood,,30
arab groove,,30
modern dream pop,,30
gbvfi,,30
desert blues,,30
funky house,,29
dancehall,,29
balkan beats,,29
uk americana,,29
la pop,,29
ye ye,,29
new weird america,,29
jazz rap,,29
swedish synthpop,,29
chillsynth,,29
karaoke,,28
experimental hip hop,,28
contemporary country,,28
lo-fi house,,28
meditation,,28
dutch rock,,28
rock drums,,28
indie surf,,28
balearic,,28
synthesizer,,28
nu gaze,,28
hardcore punk,,27
piano cover,,27
norwegian pop,,27
spirituals,,27
deep euro house,,27
contemporary classical,,27
proto-techno,,27
frankfurt electronic,,27
tucson indie,,27
lovers rock,,27
entehno,,26
garage rock revival,,26
acid house,,26
velha guarda,,26
german house,,26
persian alternative,,26
bubblegrunge,,26
bow pop,,26
israeli traditional,,26
bboy,,26
denton tx indie,,26
slam poetry,,26
swedish indie pop,,26
folktronica,,26
nwobhm,,26
pop r&b,,25
deep uplifting trance,,25
neo-classical,,25
electric bass,,25
dutch edm,,25
gothenburg indie,,25
virginia hip hop,,25
texas blues,,25
chasidic pop,,25
nu skool breaks,,25
belly dance,,25
aussietronica,,25
nouvelle chanson francaise,,25
psychedelic hip hop,,25
norwegian indie,,25
italian techno,,25
stoner metal,,25
ethnotronica,,25
r&b en espanol,,25
uk funky,,24
deep techno,,24
tuareg guitar,,24
arabic jazz,,24
children's music,,24
french hip hop,,24
german metal,,24
psychedelic blues-rock,,24
experimental jazz,,24
nigerian pop,,24
lo-fi indie,,24
french psychedelic,,24
italian trance,,24
p funk,,24
israeli techno,,24
pagode,,23
groove metal,,23
memphis blues,,23
uk hip hop,,23
psychill,,23
pop urbaine,,23
english indie rock,,23
ambient house,,23
progressive metal,,23
celtic,,23
swedish jazz,,23
moroccan pop,,23
palestinian alternative,,23
circuit,,23
psychedelic pop,,23
uk alternative hip hop,,23
neo r&b,,23
new orleans funk,,23
cantautor,,23
avant-garde,,22
scottish singer-songwriter,,22
twee pop,,22
chill r&b,,22
hyperpop,,22
kc indie,,22
deep soul house,,22
skate punk,,22
alabama indie,,22
modern psychedelic folk,,22
small room,,22
french jazz,,22
j-pop,,22
socal pop punk,,22
brit funk,,22
theme,,22
dfw rap,,22
uk reggae,,22
cyberpunk,,22
worship,,21
gypsy punk,,21
german trance,,21
belgian pop,,21
german dance,,21
space age pop,,21
christian music,,21
show tunes,,21
rocksteady,,21
early synthpop,,21
syrian pop,,21
american contemporary classical,,21
hamburg electronic,,21
buffalo ny indie,,21
emo,,21
german soundtrack,,21
vintage french electronic,,21
english baroque,,20
jazz house,,20
ccm,,20
baltimore indie,,20
dusseldorf electronic,,20
philly rap,,20
pop house,,20
australian electropop,,20
comic,,20
deep minimal techno,,20
rock nacional,,20
british soundtrack,,20
samba-rock,,20
early us punk,,20
classic greek pop,,20
israeli punk,,20
musica cabo-verdiana,,20
samba-jazz,,20
surf music,,20
british singer-songwriter,,20
pittsburgh rap,,20
k-pop girl group,,20
gauze pop,,20
grime,,20
afro-funk,,20
chicago house,,20
belgian dance,,19
broken beat,,19
spectra,,19
bolero,,19
garage house,,19
reggaeton colombiano,,19
romanian pop,,19
jump blues,,19
industrial metal,,19
rif,,19
duluth indie,,19
turkish pop,,19
berlin school,,19
operatic pop,,19
arab electronic,,19
italian pop,,19
samba de roda,,19
australian hip hop,,19
ethiopian pop,,19
k-pop boy group,,19
canadian rock,,19
welsh indie,,19
new italo disco,,19
deep ambient,,19
piedmont blues,,19
italian soundtrack,,19
jazz organ,,18
outsider,,18
nyc rap,,18
souldies,,18
drone folk,,18
dutch house,,18
spanish pop,,18
neoclassicism,,18
classic progressive house,,18
progressive bluegrass,,18
seattle indie,,18
afro psych,,18
wassoulou,,18
irish singer-songwriter,,18
dark trap,,18
native american,,18
norwegian rock,,18
vintage italian soundtrack,,18
german hard rock,,18
rebetiko,,18
country road,,18
uk garage,,18
brostep,,18
new orleans jazz,,18
australian reggae fusion,,17
electronic trap,,17
christian alternative rock,,17
flamenco,,17
library music,,17
microtonal,,17
melodic thrash,,17
modular synth,,17
canadian psychedelic rock,,17
texas metal,,17
soukous,,17
canadian house,,17
fado,,17
social media pop,,17
australian house,,17
toronto indie,,17
workout product,,17
ukrainian electronic,,17
salsa international,,17
argentine rock,,17
modern power pop,,17
mbalax,,16
french synthpop,,16
fluxwork,,16
grave wave,,16
modern jazz piano,,16
retro soul,,16
russian pop,,16
louisville indie,,16
vapor trap,,16
space ambient,,16
deconstructed club,,16
drum and bass,,16
classic dubstep,,16
detroit house,,16
groove room,,16
modern jazz trio,,16
swedish americana,,16
rumba congolaise,,16
detroit techno,,16
dmv rap,,16
musica para ninos,,16
yemeni pop,,16
indie punk,,16
munich electronic,,16
trova,,16
minimal dub,,15
experimental r&b,,15
oakland indie,,15
british modern classical,,15
ambient techno,,15
lebanese pop,,15
c86,,15
brighton indie,,15
south african house,,15
swedish electronic,,15
garage pop,,15
british industrial,,15
abstract hip hop,,15
russian hip hop,,15
electro jazz,,15
progressive jazz fusion,,15
kiwi rock,,15
portland hip hop,,15
el paso indie,,15
bass house,,15
gen z singer-songwriter,,15
south african pop,,15
experimental folk,,15
mod revival,,15
latin afrobeat,,15
canadian country,,15
instrumental stoner rock,,15
coverchill,,15
traditional folk,,15
timba,,15
jazz harp,,15
russian romanticism,,15
jazz vibraphone,,15
riot grrrl,,15
norwegian singer-songwriter,,14
modern hard rock,,14
neo classical metal,,14
complextro,,14
vancouver indie,,14
afro soul,,14
modern reggae,,14
world worship,,14
canadian electropop,,14
vocal harmony group,,14
french soundtrack,,14
western saharan folk,,14
drift phonk,,14
swamp pop,,14
transpop,,14
classic schlager,,14
dutch tech house,,14
manguebeat,,14
italo dance,,14
funk carioca,,14
nz folk,,14
oklahoma country,,14
trap argentino,,14
swedish singer-songwriter,,14
acid techno,,14
minnesota hip hop,,14
nz singer-songwriter,,14
cali rap,,14
swedish indie folk,,14
japanese jazz,,14
latintronica,,14
neue deutsche welle,,13
british experimental,,13
ranchera,,13
american modern classical,,13
albuquerque indie,,13
spacewave,,13
scottish electronic,,13
azontobeats,,13
experimental techno,,13
livetronica,,13
irish indie rock,,13
impressionism,,13
canadian americana,,13
portuguese pop,,13
cape verdean folk,,13
melbourne indie,,13
traditional soul,,13
anime score,,13
finnish edm,,13
french techno,,13
brass band,,13
rebel blues,,13
chicano rap,,13
edmonton indie,,13
appalachian folk,,13
new jack swing,,13
french shoegaze,,13
australian alternative rock,,13
spytrack,,13
bergen indie,,13
polish classical,,13
hauntology,,13
argentine indie,,13
portland indie,,13
danish pop,,13
japanese psychedelic,,13
modern alternative pop,,13
gospel,,13
organic ambient,,13
psychedelic doom,,13
experimental house,,13
collage pop,,12
folk punk,,12
swiss house,,12
vapor twitch,,12
viral rap,,12
gaming edm,,12
nyc pop,,12
dub techno,,12
jazz trio,,12
north carolina roots,,12
nottingham indie,,12
son cubano,,12
g-house,,12
dream trance,,12
chicha,,12
dark jazz,,12
oc indie,,12
mindfulness,,12
power metal,,12
morna,,12
swedish house,,12
glam punk,,12
south african jazz,,12
african-american classical,,12
jazz flute,,12
moombahton,,12
new orleans soul,,12
turkish instrumental,,12
classical performance,,12
bronx hip hop,,12
highlife,,12
latin house,,12
houston rap,,12
electro swing,,12
classic psychedelic rock,,12
argentine hip hop,,12
ambient psychill,,12
swedish indie rock,,12
psicodelia brasileira,,12
deep tech house,,12
bristol indie,,12
otacore,,12
russian dance,,12
japanese psychedelic rock,,12
schlager,,11
japanese instrumental,,11
classify,,11
deep progressive house,,11
irish folk,,11
boogaloo,,11
ukrainian pop,,11
french reggae,,11
salsa puertorriquena,,11
afro dancehall,,11
paisley underground,,11
rock independant francais,,11
boogie-woogie,,11
scandipop,,11
dark synthpop,,11
sound effects,,11
latin classical,,11
sky room,,11
classic eurovision,,11
mambo,,11
k-rap,,11
belgian edm,,11
psychedelic folk rock,,11
dunedin indie,,11
turkish trap pop,,11
zilizopendwa,,11
full on,,11
background music,,11
belgian electronic,,11
future bass,,11
dark post-punk,,11
drill,,11
indonesian viral pop,,11
jazz quartet,,11
ghent indie,,11
experimental psych,,11
cumbia,,11
italian baroque,,11
uk tech house,,11
indiecoustica,,11
moog,,11
hands up,,11
ohio hip hop,,11
romanian house,,10
swedish psychedelic rock,,10
new orleans rap,,10
swamp blues,,10
brazilian indie,,10
chabad niggunim,,10
jungle,,10
pop venezolano,,10
mexican indie,,10
post-doom metal,,10
indie dream pop,,10
japanese electronic,,10
brazilian hip hop,,10
classic belgian pop,,10
jewish a capella,,10
mandopop,,10
buffalo hip hop,,10
french opera,,10
pop electronico,,10
dixieland,,10
dutch prog,,10
brazilian edm,,10
pianissimo,,10
commons,,10
latin tech house,,10
twoubadou,,10
veracruz indie,,10
british alternative rock,,10
electrofox,,10
metalcore,,10
ebm,,10
sertanejo,,10
psalmen,,10
experimental guitar,,10
belgian indie rock,,10
synth punk,,10
eau claire indie,,10
darksynth,,10
sludge metal,,10
nz electronic,,10
south african alternative,,10
canadian metal,,10
italian romanticism,,10
j-ambient,,10
arabesk,,10
indie hip hop,,10
musique touareg,,10
experimental club,,10
desi hip hop,,10
sacramento indie,,10
salsa cubana,,9
north carolina hip hop,,9
high vibe,,9
mashup,,9
novelty,,9
uk experimental electronic,,9
broadway,,9
sydney indie,,9
glitch pop,,9
nueva cancion,,9
new age piano,,9
deep progressive trance,,9
shamanic,,9
amharic pop,,9
8-bit,,9
upstate ny rap,,9
old school hard trance,,9
spacegrunge,,9
neapolitan funk,,9
danish electronic,,9
ukrainian rock,,9
german tech house,,9
pet calming,,9
bluegrass,,9
old-time,,9
christelijk,,9
psychobilly,,9
turkish folk,,9
tech trance,,9
jazz boom bap,,9
brazilian boogie,,9
old school dancehall,,9
anthem worship,,9
exotica,,9
channel islands indie,,9
afro r&b,,9
neo-kraut,,9
australian r&b,,9
cuban alternative,,9
rva indie,,9
neo-singer-songwriter,,9
deep deep house,,9
australian garage punk,,9
healing,,9
italian tech house,,9
belgian new wave,,9
a cappella,,9
indie rock italiano,,9
japanese house,,9
italian lounge,,9
raw techno,,8
vaporwave,,8
sad rap,,8
melbourne bounce,,8
zambian hip hop,,8
tropical alternativo,,8
zen,,8
cologne electronic,,8
canadian indigenous,,8
classic swedish pop,,8
minimal melodic techno,,8
native american contemporary,,8
partyschlager,,8
sertanejo pop,,8
progressive breaks,,8
bouncy house,,8
focus,,8
atlanta indie,,8
sound art,,8
brazilian gospel,,8
j-rock,,8
modern indie pop,,8
birmingham hip hop,,8
sertanejo universitario,,8
banjo,,8
danish indie,,8
rap latina,,8
elephant 6,,8
glitch,,8
italian progressive rock,,8
greek psychedelic rock,,8
post-minimalism,,8
isle of wight indie,,8
ukrainian indie,,8
ukrainian experimental,,8
pop folk,,8
jazz brass,,8
purple sound,,8
african gospel,,8
levenslied,,8
brazilian techno,,8
touhou,,8
brazilian rock,,8
cuban rumba,,8
nuevo folklore mexicano,,8
future ambient,,8
canadian modern jazz,,8
dark progressive house,,8
saskatchewan indie,,8
canadian indie folk,,8
steampunk,,8
taiwan pop,,8
trap soul,,8
anglican liturgy,,8
italian hip hop,,8
carnaval,,8
country pop,,8
russian rock,,8
nordic post-rock,,8
j-poprock,,8
black punk,,8
german prog,,8
latin viral pop,,8
chill lounge,,8
ambient industrial,,8
egg punk,,8
house argentino,,8
experimental electronic,,8
pre-war blues,,7
fingerstyle,,7
jazz cubano,,7
egyptian trap,,7
acoustic cover,,7
harlem hip hop,,7
italian jazz,,7
greek indie,,7
dutch contemporary classical,,7
russian edm,,7
drill and bass,,7
shibuya-kei,,7
reggaeton flow,,7
american primitive,,7
latin arena pop,,7
swedish techno,,7
norwegian space disco,,7
rhode island indie,,7
c-pop,,7
west african jazz,,7
rap kreyol,,7
adoracao,,7
ska punk,,7
washington indie,,7
vintage schlager,,7
folklore argentino,,7
nordic ambient,,7
swedish country,,7
melbourne bounce international,,7
indie game soundtrack,,7
brazilian soul,,7
bass trap,,7
japanese progressive house,,7
drumfunk,,7
minimal wave,,7
nashville americana,,7
hard trance,,7
jazz mexicano,,7
mexican techno,,7
chamber folk,,7
australian indie folk,,7
vallenato,,7
chill drill,,7
german hip hop,,7
deep funk,,7
american post-rock,,7
electro-industrial,,7
roots americana,,7
icelandic rock,,7
deep acoustic pop,,7
amapiano,,7
hindi indie,,7
experimental dub,,7
classical piano,,7
canadian psychedelic,,7
russian modern classical,,7
deep underground hip hop,,7
kentucky hip hop,,7
indie psychedelic rock,,7
traditional country,,7
yodeling,,7
vintage hollywood,,7
brooklyn drill,,7
victorian britain,,7
italian indie pop,,7
brazilian classical,,7
classic disco polo,,7
classic bollywood,,7
melodic metalcore,,7
florida rap,,7
australian post-punk,,7
persian rock,,7
bleep techno,,7
british indie rock,,7
jazz drums,,7
oud,,7
kleine hoerspiel,,7
musica mexicana,,7
neoclassical darkwave,,7
classic afrobeat,,6
moldovan pop,,6
turkish edm,,6
post-metal,,6
glitch hop,,6
turkish jazz,,6
psicodelia chilena,,6
bristol electronic,,6
afrobeat fusion,,6
screamo,,6
ukrainian folk,,6
scottish folk,,6
hip-hop experimental,,6
brain waves,,6
austro-german modernism,,6
happy hardcore,,6
canzone napoletana,,6
arrocha,,6
musik anak-anak,,6
nueva musica mexicana,,6
emo rap,,6
turkish hip hop,,6
north east england indie,,6
mexican hip hop,,6
russian electronic,,6
uk drill,,6
cowpunk,,6
glee club,,6
gulf hip hop,,6
gypsy jazz,,6
musical advocacy,,6
serbian electronic,,6
jazz cover,,6
polish indie,,6
tamazight,,6
sevdah,,6
german pop rock,,6
middle earth,,6
ballroom,,6
palestinian traditional,,6
sleaze rock,,6
dub metal,,6
omaha indie,,6
bardcore,,6
anime,,6
japanese singer-songwriter,,6
rock progressif francais,,6
indie anthem-folk,,6
anadolu rock,,6
horror synth,,6
retro metal,,6
doom metal,,6
liquid funk,,6
jamgrass,,6
free improvisation,,6
instrumental worship,,6
scottish hip hop,,6
russian alt pop,,6
ok indie,,6
industrial hip hop,,6
electro latino,,6
finnish electro,,6
pop emo,,6
pixie,,6
euphoric hardstyle,,6
tennessee hip hop,,6
acid trance,,6
french tech house,,6
south carolina hip hop,,6
arabic instrumental,,6
popwave,,6
jazz violin,,6
gospel soul,,6
classic persian pop,,6
alte,,6
future funk,,6
melodic dubstep,,6
hmong pop,,6
pluggnb,,6
acid jazz,,6
italian opera,,6
deep tropical house,,6
dark electro,,6
norwegian americana,,6
nu-cumbia,,6
drone ambient,,6
italian pop rock,,6
new isolationism,,6
japanese soundtrack,,6
grebo,,6
abstractro,,6
high-tech minimal,,6
gnawa,,6
british contemporary classical,,6
pop romantico,,6
instrumental bluegrass,,6
dubstep,,6
classic russian pop,,6
canadian latin,,6
weirdcore,,6
deep adult standards,,6
rap conscient,,6
galante era,,6
czsk hip hop,,6
memphis americana,,6
nigerian hip hop,,6
experimental synth,,6
modern old-time,,6
african electronic,,6
deep chill,,5
modern salsa,,5
irish neo-traditional,,5
piano worship,,5
norwegian jazz,,5
norwegian contemporary jazz,,5
deep disco,,5
future house,,5
rawstyle,,5
vogue,,5
cosmic uplifting trance,,5
turbo folk,,5
pop violin,,5
jawaiian,,5
spanish indie pop,,5
mathcore,,5
environmental,,5
chanson paillarde,,5
yoga,,5
oi,,5
dreampunk,,5
stockholm indie,,5
classical tenor,,5
musica gaucha tradicionalista,,5
north carolina indie,,5
japanese electropop,,5
bass trip,,5
deep soundtrack,,5
relaxative,,5
azeri pop,,5
gaian doom,,5
gospel blues,,5
classic j-pop,,5
japanese vgm,,5
austin americana,,5
folclore tucumano,,5
swedish synth,,5
death metal,,5
pakistani indie,,5
classic turkish pop,,5
memphis hip hop,,5
traditional british folk,,5
freestyle,,5
bolero cubano,,5
norwegian experimental,,5
st louis rap,,5
punk 'n' roll,,5
melodic metal,,5
breaks,,5
new orleans indie,,5
sudanese pop,,5
danish electropop,,5
charanga,,5
multidisciplinary,,5
deep idm,,5
orchestra,,5
canzone d'autore,,5
indian edm,,5
ecuadorian indie,,5
beach music,,5
indie napoletano,,5
spanish techno,,5
classic moroccan pop,,5
jamaican ska,,5
idaho indie,,5
pop ambient,,5
boston hip hop,,5
czech rock,,5
nashville singer-songwriter,,5
german opera,,5
nuevo flamenco,,5
v-pop,,5
deep turkish pop,,5
ukrainian edm,,5
kent indie,,5
swiss alternative rock,,5
deep rai,,5
canadian blues,,5
austropop,,5
gqom,,5
destroy techno,,5
bossa nova cover,,5
japanese jazz fusion,,5
turkish trap,,5
glitter trance,,5
finnish indie,,5
cello,,5
leipzig electronic,,5
montreal indie,,5
rap marseille,,5
german indie,,5
libyan pop,,5
orchestral performance,,5
footwork,,5
pashto pop,,5
tulsa indie,,5
bossbeat,,5
danish alternative rock,,5
instrumental post-rock,,5
indie electropop,,5
dabke,,5
native american hip hop,,5
corrido,,5
musica occitana,,5
czech hip hop,,5
hoerspiel,,5
cardiff indie,,5
rap maroc,,5
cypriot pop,,5
psychedelic jazz fusion,,5
dark clubbing,,5
afghan pop,,5
experimental big band,,5
roots worship,,5
semba,,5
fnaf,,5
azonto,,5
ontario indie,,5
polish pop,,5
japanese techno,,5
french baroque,,5
straight-ahead jazz,,5
clawhammer banjo,,5
ann arbor indie,,5
classic norwegian pop,,5
turkish deep house,,5
italian alternative,,5
volksmusik,,5
binaural,,5
russian chanson,,5
halifax indie,,5
auckland indie,,5
polish alternative,,5
musica de fondo,,5
danish techno,,5
tzadik,,5
choro,,5
old-time fiddle,,5
dub poetry,,5
beat italiano,,5
canadian punk,,5
bulgarian electronic,,4
german country,,4
western mass indie,,4
gothic metal,,4
indian electronic,,4
swiss indie,,4
indiana hip hop,,4
swiss pop,,4
cascadia psych,,4
finnish alternative rock,,4
contemporary gospel,,4
nightrun,,4
j-pop girl group,,4
schranz,,4
manele,,4
classical trumpet,,4
chakra,,4
zim urban groove,,4
j-rap,,4
manchester indie,,4
kirtan,,4
cuban funk,,4
japanese classical,,4
discofox,,4
strut,,4
rap nacional antigo,,4
brazilian reggae,,4
pop minang,,4
kazakh pop,,4
funk mtg,,4
psytech,,4
musica popular mineira,,4
industrial techno,,4
cowboy western,,4
irish country,,4
trap triste,,4
indian jazz,,4
uzbek pop,,4
urbano chileno,,4
japanese teen pop,,4
olympia wa indie,,4
nordic soundtrack,,4
ghanaian pop,,4
bluegrass gospel,,4
antiviral pop,,4
russian dance pop,,4
makossa,,4
nu age,,4
tamil pop,,4
canadian pop punk,,4
pop reggaeton,,4
dc hardcore,,4
icelandic indie,,4
polish hip hop,,4
canadian post-punk,,4
punjabi pop,,4
corridos tumbados,,4
tin pan alley,,4
classic italian folk pop,,4
dream smp,,4
indonesian post-hardcore,,4
mandible,,4
folk rock italiano,,4
canadian contemporary country,,4
ndombolo,,4
psych gaze,,4
vocal trance,,4
belgian singer-songwriter,,4
british orchestra,,4
white noise,,4
nz indie,,4
japanese jazztronica,,4
warrington indie,,4
modern cello,,4
wrestling,,4
spanish pop rock,,4
one-person band,,4
australian experimental,,4
spa,,4
atlanta punk,,4
turkish rock,,4
hungarian techno,,4
kentucky roots,,4
grimewave,,4
south african rock,,4
greek guitar,,4
scottish techno,,4
opera,,4
italian tenor,,4
swedish tropical house,,4
j-core,,4
russian trap,,4
channel pop,,4
hard techno,,4
pop nacional,,4
london indie,,4
slovak hip hop,,4
australian ambient,,4
south african pop dance,,4
mexican tech house,,4
japanese r&b,,4
medieval folk,,4
kabyle,,4
abstract beats,,4
ambient worship,,4
chillstep,,4
irish dance,,4
ambient guitar,,4
rap francais,,4
speedrun,,4
arab trap,,4
background piano,,4
fake,,4
nantes indie,,4
syrian hip hop,,4
swiss techno,,4
shred,,4
bedroom soul,,4
polish prog,,4
dubsteppe,,4
belgian techno,,4
queer country,,4
cancion melodica,,4
israeli metal,,4
queercore,,4
australian techno,,4
deep dubstep,,4
dreamgaze,,4
ukrainian classical,,4
hamilton on indie,,4
turkish singer-songwriter,,4
dayton indie,,4
khaleeji iraqi,,4
manchester hip hop,,4
chinese viral pop,,4
dinner jazz,,4
austin singer-songwriter,,4
persian electronic,,4
greek swing,,4
dutch hip hop,,4
kosovan pop,,4
popping,,4
tape club,,4
deep latin alternative,,4
dutch blues,,4
german underground rap,,4
lullaby,,4
venezuelan hip hop,,4
norwegian house,,4
hardvapour,,4
new orleans americana,,4
mexican rock-and-roll,,4
psychedelic space rock,,4
cante flamenco,,4
baton rouge rap,,4
honky tonk,,4
uk dancehall,,4
afroswing,,4
latin soundtrack,,4
new beat,,4
flamenco guitar,,4
okc indie,,4
mollywood,,4
funky breaks,,4
boom bap espanol,,4
classic russian rock,,4
pacific islands pop,,4
classic french pop,,4
sad lo-fi,,4
comedy rap,,4
popgaze,,4
xhosa,,4
alternative emo,,4
j-acoustic,,4
chill pop,,4
munich indie,,4
indian classical,,4
argentine telepop,,4
ballet class,,4
czech classical,,4
belarusian indie,,4
taiwan singer-songwriter,,4
danish indie pop,,4
chinese indie,,4
musica etnica,,4
asmr,,4
bath indie,,4
music box,,4
moroccan traditional,,4
midwest americana,,4
432hz,,3
drone rock,,3
re:techno,,3
marching band,,3
arab experimental,,3
forro,,3
backing track,,3
finnish soul,,3
trance brasileiro,,3
gospel r&b,,3
dancefloor dnb,,3
cumbia 420,,3
musica popular paraense,,3
afro-cuban percussion,,3
anthem emo,,3
nz reggae,,3
bgm,,3
modern jangle pop,,3
puerto rican folk,,3
bomba y plena,,3
redneck,,3
deep vocal house,,3
zouk,,3
underground power pop,,3
spanish invasion,,3
classical guitar,,3
serialism,,3
tecnobrega,,3
lo-fi beats,,3
dark ambient,,3
greek downtempo,,3
rock kapak,,3
atmospheric dnb,,3
traditional bluegrass,,3
progressive death metal,,3
spanish rock,,3
greek indie rock,,3
swedish metal,,3
axe,,3
swedish progressive metal,,3
chill-out trance,,3
tunisian pop,,3
indie shoegaze,,3
dutch americana,,3
gospel singers,,3
korean r&b,,3
glitchcore,,3
melodic hardcore,,3
norske viser,,3
dansktop,,3
korean electronic,,3
dublin indie,,3
jump up,,3
african reggae,,3
indie pop rap,,3
milan indie,,3
german reggae,,3
lancaster pa indie,,3
perth indie,,3
funeral doom,,3
pop flamenco,,3
ugandan pop,,3
south african hip hop,,3
guidance,,3
german worship,,3
houston indie,,3
seattle hip hop,,3
funk ostentacao,,3
romanian electronic,,3
brazilian house,,3
russian techno,,3
funana,,3
experimental indie,,3
pop nacional antigas,,3
bmore,,3
sped up,,3
russian plugg,,3
stomp and flutter,,3
boston indie,,3
swedish hip hop,,3
christian punk,,3
tone,,3
classic mandopop,,3
spanish new wave,,3
italo house,,3
gothic americana,,3
cancion infantil latinoamericana,,3
country gospel,,3
classic australian country,,3
mexican rock,,3
south african deep house,,3
lo-fi chill,,3
raboday,,3
rai algerien,,3
weightless,,3
nuevo folklore argentino,,3
swiss jazz,,3
goa trance,,3
classic city pop,,3
experimental classical,,3
underground rap,,3
final fantasy,,3
solipsynthm,,3
australian singer-songwriter,,3
irish electronic,,3
korean pop,,3
japanese alternative pop,,3
italian classical piano,,3
guinean pop,,3
griot,,3
asheville indie,,3
country rap,,3
newcastle indie,,3
australian classical,,3
scam rap,,3
bakersfield sound,,3
benga,,3
classic hardstyle,,3
italian experimental,,3
tallava,,3
swedish trap pop,,3
indonesian electronic,,3
minimal dnb,,3
fado antigo,,3
swedish alternative rock,,3
albanian pop,,3
fado de coimbra,,3
california hardcore,,3
vintage jazz,,3
socal indie,,3
speed garage,,3
japanese contemporary classical,,3
greek house,,3
slayer,,3
acoustic punk,,3
trap italiana,,3
symphonic metal,,3
austin rock,,3
romanian rap,,3
algerian folk,,3
ukg revival,,3
finnish electronic,,3
calypso,,3
danish modern jazz,,3
ambient idm,,3
dutch experimental electronic,,3
polish rock,,3
hull indie,,3
beninese pop,,3
chalga,,3
halftime dnb,,3
zenonesque,,3
yorkshire folk,,3
nyhc,,3
polish alternative rap,,3
korean old school hip hop,,3
danish rock,,3
scandinavian r&b,,3
undertale,,3
futurepop,,3
ottawa indie,,3
russian post-punk,,3
coldwave,,3
brisbane indie,,3
chillhop,,3
russian synthpop,,3
scottish jazz,,3
indian fusion,,3
ragtime,,3
belgian jazz,,3
vegas indie,,3
swiss rock,,3
american romanticism,,3
deep german hip hop,,3
musica eletronica brasileira,,3
lo-fi brasileiro,,3
galician rock,,3
glitch beats,,3
alternative pop rock,,3
champeta,,3
latinx alternative,,3
anime piano,,3
new york drill,,3
german classical piano,,3
hawaiian hip hop,,3
congolese gospel,,3
russian trance,,3
haryanvi pop,,3
eritrean pop,,3
swedish soul,,3
musica popular colombiana,,3
boston electronic,,3
rap napoletano,,3
soca,,3
deep christian rock,,3
belgian modern jazz,,3
meme rap,,3
ska mexicano,,3
german alternative rock,,3
chill groove,,3
indian instrumental,,3
gothabilly,,3
bosnian electronic,,3
vapor pop,,3
nubian traditional,,3
reggae rock,,3
colombian indie,,3
atl trap,,3
disco polo,,3
umbanda,,3
lo-fi rap,,3
uilleann pipes,,3
british comedy,,3
pop argentino,,3
anarcho-punk,,3
norwegian hip hop,,3
welsh metal,,3
hip hop tuga,,3
grupera,,3
polish electronica,,3
irish accordion,,3
sungura,,3
lo-fi product,,3
turkish electronic,,3
bhojpuri pop,,3
slovenian pop,,3
irish techno,,3
sufi,,3
leicester indie,,3
oakland hip hop,,3
miami bass,,3
trap chileno,,3
halloween,,3
mississippi hip hop,,3
battle rap,,3
string folk,,3
modern country rock,,3
neofolk,,3
rap underground mexicano,,3
chiptune,,3
narco rap,,3
neon pop punk,,3
cantopop,,3
irish pop,,3
ambient trance,,3
mallet,,3
crunk,,3
christian rock,,3
swedish hard rock,,3
london rap,,3
rap dominicano,,3
boston folk,,3
neo-traditional bluegrass,,3
chinese audiophile,,3
stomp pop,,3
minecraft,,3
dessin anime,,3
kora,,3
southern soul blues,,3
riddim,,2
circus,,2
assamese pop,,2
greek jazz,,2
italian underground hip hop,,2
pagode baiano,,2
alabama rap,,2
portuguese rock,,2
classical jazz fusion,,2
piratenmuziek,,2
kingston on indie,,2
louvor,,2
hyphy,,2
lund indie,,2
water,,2
dembow,,2
reading indie,,2
detroit indie,,2
funk paulista,,2
musica evangelica instrumental,,2
action rock,,2
bass music,,2
indonesian r&b,,2
hard dance,,2
cartoon,,2
italian electronica,,2
brazilian bass,,2
denver indie,,2
comedy,,2
neotango,,2
portuguese experimental,,2
lo-fi vgm,,2
nordic shoegaze,,2
south african electronic,,2
hungarian underground rap,,2
rap ivoire,,2
spanish indie folk,,2
maloya,,2
ambient post-rock,,2
classic finnish pop,,2
sega,,2
cumbia villera,,2
neue deutsche harte,,2
nyahbinghi,,2
classic polish pop,,2
german electronica,,2
german drill,,2
finnish dance pop,,2
chaotic hardcore,,2
russian emo rap,,2
horror punk,,2
k-indie,,2
hindustani classical,,2
alt-idol,,2
peruvian rock,,2
sertanejo tradicional,,2
writing,,2
south african choral,,2
covertronica,,2
zimdancehall,,2
funk pop,,2
armenian pop,,2
xitsonga pop,,2
greek metal,,2
zambian pop,,2
power electronics,,2
choral,,2
rochester ny indie,,2
turk sanat muzigi,,2
bhangra,,2
russian folk,,2
brazilian ccm,,2
deep free jazz,,2
cosmic black metal,,2
classic bulgarian pop,,2
burmese pop,,2
kwaito,,2
norteno,,2
dub reggae,,2
dark black metal,,2
slovenian electronic,,2
zcc,,2
reunion pop,,2
uk dnb,,2
soul flow,,2
british country,,2
k-rock,,2
doujin,,2
operetta,,2
russian classical piano,,2
rap conciencia,,2
deep latin christian,,2
vancouver punk,,2
pakistani pop,,2
colombian electronic,,2
throat singing,,2
synthetic classical,,2
indie electronica,,2
canadian experimental,,2
swedish gangsta rap,,2
future rock,,2
african experimental,,2
dutch jazz,,2
classic icelandic pop,,2
indonesian experimental,,2
chinese worship,,2
gaita,,2
czech punk,,2
australian talent show,,2
malmo indie,,2
rave funk,,2
electronica chilena,,2
minimal synth,,2
musica folk asturiana,,2
zouk riddim,,2
italian library music,,2
hard house,,2
boston metal,,2
dungeon synth,,2
concertina,,2
noise,,2
partido alto,,2
haitian gospel,,2
britpop revival,,2
cumbia pop,,2
spiritual hip hop,,2
victoria bc indie,,2
ai,,2
dutch classical piano,,2
new tribe,,2
alaska indie,,2
piano house,,2
nederlandse hardstyle,,2
shaabi,,2
wu fam,,2
second line,,2
j-idol,,2
southern gospel,,2
plugg,,2
violin,,2
college a cappella,,2
canadian rockabilly,,2
welsh folk,,2
french post-punk,,2
canadian trap,,2
baltic classical,,2
malaysian pop,,2
swedish prog,,2
stateside dnb,,2
russian underground rap,,2
polish jazz,,2
central asian hip hop,,2
jig and reel,,2
icelandic electronic,,2
teen pop,,2
cumbia ranchera,,2
cymraeg,,2
dancehall queen,,2
viral trap,,2
canadian soundtrack,,2
french indie folk,,2
klubowe,,2
texas latin rap,,2
pop peruano,,2
kundalini,,2
cambridgeshire indie,,2
hardstyle,,2
trap antillais,,2
polish modern jazz,,2
norman ok indie,,2
chinese jazz,,2
montana indie,,2
dresden indie,,2
modern indie folk,,2
north carolina metal,,2
nz jazz,,2
mandolin,,2
bern indie,,2
nisiotika,,2
j-pop boy group,,2
chilena,,2
austrian hip hop,,2
san marcos tx indie,,2
merengue,,2
latin worship,,2
kompa,,2
pokemon,,2
nz children's music,,2
waiata mo tamariki,,2
haitian dance,,2
corrosion,,2
modular techno,,2
blues band,,2
classic opm,,2
greek rock,,2
sound,,2
drone metal,,2
electroacoustic improvisation,,2
vinahouse,,2
pops orchestra,,2
classic colombian pop,,2
j-pixie,,2
latin funk,,2
english renaissance,,2
christian hip hop,,2
anime rock,,2
mambo chileno,,2
korean experimental,,2
tarantella,,2
italian folk,,2
cha-cha-cha,,2
bulgarian pop,,2
prog quebec,,2
rhode island rap,,2
cabaret,,2
chamber orchestra,,2
latin christian,,2
classic anime,,2
lancashire indie,,2
musiikkia lapsille,,2
american 21st century classical,,2
thai rock,,2
dark rock,,2
dutch indie rock,,2
japanese idm,,2
zhongguo feng,,2
islamic recitation,,2
cdmx indie,,2
dutch experimental,,2
forest psy,,2
deep ccm,,2
carimbo,,2
dark psytrance,,2
opm,,2
ambeat,,2
deep italo disco,,2
suomi rock,,2
detroit trap,,2
classic punjabi pop,,2
piseiro,,2
hindi hip hop,,2
serbian alternative rock,,2
neo-rockabilly,,2
bandinhas,,2
indian indie,,2
yugoslav rock,,2
indian ambient,,2
vermont indie,,2
indonesian pop,,2
southern americana,,2
eugene indie,,2
kizomba antigas,,2
kizomba,,2
classic malaysian pop,,2
melodic hard rock,,2
chilean rock,,2
pinoy hip hop,,2
french punk,,2
tagalog worship,,2
deep gothic post-punk,,2
canadian folk,,2
scream rap,,2
taiwan campus folk,,2
urbano espanol,,2
czech pop,,2
trance mexicano,,2
drill brasileiro,,2
rock andaluz,,2
nerdcore,,2
classic bangla pop,,2
thai pop,,2
ukrainian hip hop,,2
jazz orchestra,,2
japanese alternative rock,,2
progressive post-hardcore,,2
vgm remix,,2
french worship,,2
renaissance,,2
hawaiian,,2
deep funk house,,2
turkish soundtrack,,2
argentine reggae,,2
canadian classical,,2
rock gospel brasileiro,,2
progressive doom,,2
cuarteto,,2
dakke dak,,2
musica infantil,,2
regional mexican,,2
new jersey hardcore,,2
super eurobeat,,2
background jazz,,2
austrian pop,,2
symfonicky orchestr,,2
southampton indie,,2
desi trap,,2
taiwan hip hop,,2
berlin minimal techno,,2
atmosphere,,2
chicago bop,,2
german jazz,,2
jackin' house,,2
traditional southern folk,,2
cologne indie,,2
kuduro,,2
instrumental progressive metal,,2
south african modern jazz,,2
greek techno,,2
southern metal,,2
louisiana metal,,2
hard glam,,2
bemani,,2
panpipe,,2
korean dream pop,,2
tassie indie,,2
oth indie,,2
guyanese pop,,2
mariachi cristiano,,2
rap inde,,2
cosmic post-rock,,2
classic j-rock,,2
modern southern rock,,2
latin metal,,2
german dark minimal techno,,2
liedermacher,,2
puirt-a-beul,,2
trap brasileiro,,2
japanese metalcore,,2
musica sarda,,2
ragga jungle,,2
brutal death metal,,2
j-division,,2
hip hop cubano,,2
jug band,,2
rap politico,,2
spanish metal,,2
sierreno,,2
funk bh,,2
musique pour enfants,,2
pop lgbtq+ brasileira,,2
russian punk,,2
funk consciente,,2
technical death metal,,2
country quebecois,,2
bouzouki,,2
hopebeat,,2
experimental percussion,,2
latino comedy,,2
carnatic vocal,,2
rock in opposition,,2
folklore peruano,,2
korean instrumental,,2
nitzhonot,,2
electronica peruana,,2
deep progressive rock,,2
musica afroperuana,,2
swedish garage rock,,2
djent,,2
variete francaise,,2
jamtronica,,2
man's orchestra,,2
japanese punk rock,,2
devon indie,,2
trap colombiano,,2
icelandic classical,,2
instrumental math rock,,2
muziek voor kinderen,,2
ruta destroy,,2
french dub,,2
electro dub,,2
barnsagor,,2
bachata,,2
makina,,2
dark minimal techno,,2
dangdut,,2
gujarati pop,,2
mainland chinese pop,,2
swedish idol pop,,2
brazilian tech house,,2
belgian hip hop,,2
preschool children's music,,2
christian pop,,2
bachata dominicana,,2
aesthetic rap,,2
psybass,,2
american shoegaze,,2
anime rap,,2
czech folk,,2
tennessee experimental,,2
batak,,2
musica criolla,,2
lithuanian pop,,2
crust punk,,2
chaabi algerien,,2
boom bap brasileiro,,2
orlando indie,,2
bassline,,2
indian techno,,2
celtic punk,,2
punjabi hip hop,,2
swedish stoner rock,,2
polish indie rock,,2
icelandic post-punk,,2
vlaamse kinderliedje,,2
polish alternative rock,,2
rhythm game,,2
new school turkce rap,,2
hamburg hip hop,,2
russian drill,,2
jazz trombone,,2
lounge house,,2
crossover thrash,,2
mariachi,,2
pakistani hip hop,,2
techno kayo,,2
christmas instrumental,,2
dark folk,,2
barbershop,,2
soviet synthpop,,2
basshall,,2
vbs,,2
kompa gouyad,,2
folklore paraguayo,,2
ghettotech,,2
charlottesville indie,,2
josei rap,,2
lo-fi jazzhop,,2
praise,,2
copla,,2
bongo flava,,2
danish post-punk,,2
african rock,,2
tanzanian pop,,2
latvian pop,,2
italian modern prog,,2
psydub,,2
deep soft rock,,2
gothic symphonic metal,,2
australian metalcore,,2
liverpool indie,,2
dansei seiyu,,2
japanese folk,,2
rock of gibraltar,,2
aarhus indie,,2
fidget house,,2
chinese classical performance,,1
rogaland musikk,,1
ritmo kombina,,1
east anglia indie,,1
piano mpb,,1
substep,,1
american orchestra,,1
east coast reggae,,1
japanese vocal jazz,,1
brazilian modern jazz,,1
canzone genovese,,1
japanese dream pop,,1
maga rap,,1
chinese classical piano,,1
deep flow,,1
j-reggae,,1
vintage french psychedelic,,1
spanish experimental,,1
musica aragonesa,,1
tecnobanda,,1
japanese rockabilly,,1
trekkspill,,1
cubaton,,1
techno argentina,,1
cumbia sonidera,,1
norwegian prog,,1
adoracion,,1
abstract,,1
darbuka,,1
belgian metal,,1
post-post-hardcore,,1
folklore veracruzano,,1
irish banjo,,1
indie platense,,1
electronica argentina,,1
pop quebecois,,1
spanish hip hop,,1
modern chamber music,,1
tropical tecladista,,1
asian american hip hop,,1
oriental classical,,1
gamelan,,1
granada indie,,1
svensk progg,,1
turkish modern jazz,,1
dalarna indie,,1
hyperpop italiano,,1
dutch rap pop,,1
classic indo pop,,1
fictitious orchestra,,1
dub product,,1
norwegian pop rap,,1
ghanaian hip hop,,1
prog metal,,1
spanish noise pop,,1
early french punk,,1
traphall,,1
hi-tech,,1
pakistani folk,,1
modern progressive rock,,1
qawwali,,1
thai indie pop,,1
norwegian psychedelic,,1
finnish pop,,1
chamame,,1
rap tuga underground,,1
romantico,,1
psychedelic punk,,1
surf punk,,1
chanson virale,,1
libyan hip hop,,1
slovenian folk,,1
narodno zabavna,,1
boy pop,,1
goregrind,,1
kasi rap,,1
nordnorsk musikk,,1
slovak pop,,1
spanish renaissance,,1
andalusian classical,,1
japanese garage rock,,1
nashville indie,,1
sanfona,,1
pornogrind,,1
crossover prog,,1
dallas indie,,1
taiwan indie,,1
reggae maghreb,,1
viet edm,,1
basel indie,,1
swedish trap,,1
moorish traditional,,1
musique mauritanienne,,1
5th wave emo,,1
norrbotten indie,,1
german power metal,,1
tulum,,1
country boogie,,1
austrian dnb,,1
portland punk,,1
karadeniz turkuleri,,1
experimental indie rock,,1
belo horizonte indie,,1
rap montrealais,,1
oslo indie,,1
ukrainian black metal,,1
pinoy r&b,,1
inuit pop,,1
manso indie,,1
greenlandic pop,,1
deep east coast hip hop,,1
noisecore,,1
slavic metal,,1
digital hardcore,,1
belfast indie,,1
atmospheric black metal,,1
karntner volksmusik,,1
caucasian classical piano,,1
deep neo-synthpop,,1
pinoy idol pop,,1
tagalog rap,,1
quran,,1
german indie rock,,1
australian country,,1
tibetan pop,,1
industrial pop,,1
north carolina emo,,1
tibetan traditional,,1
reading,,1
florida death metal,,1
lowercase,,1
classical oboe,,1
qanun,,1
historically informed performance,,1
sholawat,,1
czsk hyperpop,,1
persian hip hop,,1
shush,,1
boogie,,1
chilean indie,,1
deep comedy,,1
swedish black metal,,1
musica costarricense,,1
vintage broadway,,1
finnish classical,,1
nerdcore brasileiro,,1
eletronica underground brasileira,,1
trinibad,,1
detskie pesni,,1
hungarian classical piano,,1
er ge,,1
deep german indie,,1
traditional english folk,,1
technical melodic death metal,,1
musique nigerienne,,1
chicano punk,,1
taarab,,1
enka,,1
pop costarricense,,1
birdsong,,1
russian jazz,,1
truck-driving country,,1
indie fuzzpop,,1
musica infantil catala,,1
musica catalana,,1
neo metal,,1
synthwave brasileiro,,1
german contemporary classical,,1
czech electronic,,1
hungarian classical performance,,1
mevlevi sufi,,1
previa,,1
argentine alternative rock,,1
indonesian metal,,1
argentine ambient,,1
ukrainian post-punk,,1
singaporean pop,,1
nl folk,,1
erotica,,1
metallic hardcore,,1
zhenskiy rep,,1
balalaika,,1
singaporean electronic,,1
chinese r&b,,1
huzunlu sarkilar,,1
malaysian metal,,1
oyun havasi,,1
polish post-rock,,1
australian post-hardcore,,1
gruperas inmortales,,1
anime lo-fi,,1
rkt,,1
coco,,1
french garage rock,,1
rock urbano mexicano,,1
afrofuturismo brasileiro,,1
blues mexicano,,1
afrobeat brasileiro,,1
baglama,,1
morelos indie,,1
rabindra sangeet,,1
west bengali pop,,1
filthstep,,1
yakut pop,,1
turkish alternative rock,,1
uptempo hardcore,,1
vienna indie,,1
essex indie,,1
funk mandelao,,1
magyar alternative,,1
polish ambient,,1
musica londrinense,,1
belarusian rock,,1
portuguese techno,,1
indonesian thrash metal,,1
musique acadienne,,1
portuguese metal,,1
chanson quebecois,,1
gothenburg hip hop,,1
hungarian rock,,1
jewish cantorial,,1
deathrock,,1
musica canaria,,1
kazakh hip hop,,1
alternative ccm,,1
classic greek rock,,1
classical soprano,,1
experimental black metal,,1
blackgaze,,1
nyc metal,,1
indonesian alternative rock,,1
technical black metal,,1
usbm,,1
cambodian rock,,1
khmer,,1
persian traditional,,1
czech indie,,1
tijuana electronic,,1
new england americana,,1
ukrainian metal,,1
macedonian electronic,,1
canadian children's music,,1
kindie rock,,1
quebec death metal,,1
scottish metal,,1
field recording,,1
proto-hyperpop,,1
deep dnb,,1
russian grime,,1
kavkaz,,1
fremantle indie,,1
neo grime,,1
smooth saxophone,,1
czech country,,1
bhajan,,1
taiwan instrumental,,1
rakugo,,1
dutch underground hip hop,,1
japanese choir,,1
drill italiana,,1
bossa nova jazz,,1
deep liquid bass,,1
chilean hardcore,,1
instrumental djent,,1
goa psytrance,,1
japanese piano,,1
marimba,,1
classical percussion,,1
irish classical,,1
deep eurodance,,1
british math rock,,1
spanish folk metal,,1
oc rap,,1
portuguese jazz,,1
metal paraguayo,,1
italo beats,,1
chant basque,,1
ohio indie,,1
ska chileno,,1
french folk pop,,1
frauenrap,,1
indonesian worship,,1
schweizer rap,,1
classic finnish rock,,1
salsa colombiana,,1
colombian rock,,1
iraqi hip hop,,1
deep liquid,,1
swiss hip hop,,1
uk dub,,1
canadian garage rock,,1
indonesian edm,,1
japanese melodic punk,,1
newfoundland indie,,1
new jersey punk,,1
aikatsu,,1
alternative roots rock,,1
finnish progressive rock,,1
manitoba indie,,1
scratch,,1
oceania soundtrack,,1
hard minimal techno,,1
korean indie rock,,1
australian classical piano,,1
zillertal,,1
vallenato moderno,,1
demoscene,,1
polish experimental electronic,,1
nz gangsta rap,,1
plug brasileiro,,1
indian lo-fi,,1
rhythm and boogie,,1
ulkucu sarkilar,,1
sci-fi metal,,1
indie michoacano,,1
german viral rap,,1
malaysian mandopop,,1
deep happy hardcore,,1
nordic contemporary classical,,1
australian shoegaze,,1
rap canario,,1
kindermusik,,1
lagu jawa,,1
maskandi,,1
rap femenino mexicano,,1
beach house,,1
pei indie,,1
croatian rock,,1
croatian pop,,1
german ccm,,1
world meditation,,1
japanese prog,,1
sad sierreno,,1
brisbane punk,,1
wave,,1
indie catracho,,1
dc indie,,1
sovietwave,,1
electropowerpop,,1
phonk,,1
swedish dancehall,,1
swedish reggae,,1
accordeon,,1
accordion,,1
bal-musette,,1
musique mandingue,,1
turkish reggae,,1
mgpjr,,1
deep vocal jazz,,1
hausa pop,,1
old school nederhop,,1
guided meditation,,1
raggatek,,1
pony,,1
thai trap,,1
ukrainian ccm,,1
russian ccm,,1
tekno,,1
tekk,,1
frenchcore,,1
ghoststep,,1
musica costena,,1
soda pop,,1
british brass band,,1
musica cristiana guatemalteca,,1
lldm,,1
beats,,1
dangdut koplo,,1
covertrance,,1
russian viral pop,,1
guatemalan pop,,1
tajik pop,,1
javanese dangdut,,1
japanese heavy metal,,1
gujarati garba,,1
australian indie rock,,1
rotterdam indie,,1
german stoner rock,,1
spanish modern rock,,1
rap calme,,1
utah indie,,1
danish punk,,1
power-pop punk,,1
musica catarinense,,1
portuguese early music,,1
nuevo regional mexicano,,1
bc underground hip hop,,1
kleinkunst,,1
balfolk,,1
albanian hip hop,,1
turkish classical performance,,1
musica paranaense,,1
hungarian edm,,1
grungegaze,,1
inuit traditional,,1
brazilian contemporary classical,,1
post-punk mexicano,,1
derry indie,,1
medway sound,,1
indonesian jazz,,1
indonesian singer-songwriter,,1
indian instrumental rock,,1
modern electroacoustic,,1
rap algerien,,1
rap tunisien,,1
tamil hip hop,,1
chopped and screwed,,1
venda pop,,1
guitarra clasica,,1
swing italiano,,1
lds,,1
mexican death metal,,1
mexican metal,,1
mexican thrash metal,,1
finnish modern jazz,,1
jazz puertorriqueno,,1
british choir,,1
bulgarian hip hop,,1
polish folk,,1
thai indie,,1
rajasthani pop,,1
danspunk,,1
russelater,,1
belarusian electronic,,1
deep southern trap,,1
musica popular amazonense,,1
vintage classical singing,,1
reggae en espanol,,1
jazz clarinet,,1
croatian electronic,,1
siberian folk,,1
tuvan folk,,1
noel quebecois,,1
arrochadeira,,1
middle eastern traditional,,1
southeast asian post-rock,,1
kurdish hip hop,,1
fort worth indie,,1
british post-rock,,1
japanese screamo,,1
romanian folk,,1
latin american heavy psych,,1
power thrash,,1
baltic classical piano,,1
german singer-songwriter,,1
atlanta bass,,1
mgp,,1
batida,,1
virgin islands reggae,,1
cathedral choir,,1
tamil worship,,1
japanese post-hardcore,,1
belgian blues,,1
burkinabe pop,,1
gumbe,,1
indonesian pop rock,,1
terrorcore,,1
dark cabaret,,1
hammered dulcimer,,1
martial industrial,,1
narodna muzika,,1
fast melodic punk,,1
german post-punk,,1
leeds indie,,1
nordic classical piano,,1
trap boricua,,1
gabba,,1
afrikaans,,1
suomisaundi,,1
trival,,1
chill baile,,1
peruvian hip hop,,1
rap romantico,,1
italian post-rock,,1
irish fiddle,,1
deep pop edm,,1
skiffle,,1
hurdy-gurdy,,1
medieval rock,,1
italian contemporary jazz,,1
indie psych-pop,,1
traditional reggae,,1
kids dance party,,1
gamecore,,1
canadian celtic,,1
bahamian pop,,1
brazilian indie rock,,1
chill beats,,1
chinese manyao,,1
rock catala,,1
vintage chinese pop,,1
neo kyma,,1
kawaii edm,,1
zydeco,,1
swedish classical,,1
thrash core,,1
lithuanian hip hop,,1
russian reggae,,1
liechtenstein,,1
downtempo bass,,1
cumbia surena,,1
coventry indie,,1
japanese old school hip hop,,1
korean ost,,1
west end,,1
instrumental surf,,1
baltic folk,,1
estonian folk,,1
estonian indie,,1
estonian pop,,1
modern goth,,1
cinematic post-rock,,1
rajasthani folk,,1
japanese trap,,1
mexican edm,,1
russian alternative rock,,1
piada,,1
trap venezolano,,1
mongolian folk,,1
turkish classical,,1
cumbia chilena,,1
dominican pop,,1
horrorcore,,1
emo punk,,1
melodic black metal,,1
rominimal,,1
bay area hip hop,,1
west coast trap,,1
drill dominicano,,1
coupe-decale,,1
electronica venezuela,,1
musica alagoana,,1
rap italiano old school,,1
israeli classical,,1
raga rock,,1
musica mapuche,,1
hokkaido indie,,1
funk viral,,1
barnmusik,,1
dutch trap,,1
midwest emo,,1
dutch dnb,,1
disney italiano,,1
samba paulista,,1
geek rock,,1
shakuhachi,,1
german jazz rap,,1
latvian rock,,1
derby indie,,1
swedish melodic rock,,1
spanish synthpop,,1
harmonica jazz,,1
grunge pop,,1
lo star,,1
gospel reggae,,1
post-screamo,,1
tango,,1
malaysian indie,,1
malaysian punk,,1
rock nacional brasileiro,,1
garage punk,,1
instrumental acoustic guitar,,1
paracana,,1
chicago punk,,1
dunedin sound,,1
free folk,,1
traditional funk,,1
canadian old school hip hop,,1
classic bhangra,,1
christian relaxative,,1
sitar,,1
idol kayo,,1
scottish indie folk,,1
christian power metal,,1
folk metal,,1
oriental metal,,1
noise punk,,1
uk melodic rap,,1
fado instrumental,,1
romanian trap,,1
christian metal,,1
indonesian indie rock,,1
focus beats,,1
nottingham hip hop,,1
gospel italiano,,1
alberta hip hop,,1
italian post-hardcore,,1
rome indie,,1
swiss worship,,1
flamenco urbano,,1
russian gangster rap,,1
folclor afrocolombiano,,1
porro,,1
musique traditionnelle congolaise,,1
christian metalcore,,1
ska jazz,,1
dangdut remix,,1
neurofunk,,1
jovem guarda,,1
oktoberfest,,1
chutney,,1
slovenian rock,,1
york indie,,1
uk stoner rock,,1
korean worship,,1
minneapolis indie,,1
kaneka,,1
melanesian pop,,1
solomon islands pop,,1
rock alternatif francais,,1
australian ska,,1
guitarra portuguesa,,1
psychokore,,1
italian gothic,,1
italian gothic metal,,1
italian metal,,1
electro trash,,1
northern irish punk,,1
norwegian classical,,1
light music,,1
deutschrock,,1
rwandan pop,,1
combos nacionales,,1
sunnlensk tonlist,,1
western americana,,1
genshin,,1
21st century classical,,1
polish synthpop,,1
early avant garde,,1
canadian ccm,,1
diy emo,,1
burundian pop,,1
gambian pop,,1
konkani pop,,1
banda,,1
cantautor catala,,1
indie singer-songwriter,,1
chinese drama ost,,1
uppsala indie,,1
italian reggae,,1
breakcore,,1
taiwan idol pop,,1
dancehall guyanaise,,1
shatta,,1
slushwave,,1
math rock,,1
death 'n' roll,,1
swedish melodeath,,1
deep big room,,1
austrian punk,,1
death industrial,,1
sunset lounge,,1
scottish drill,,1
study beats,,1
rap espanol,,1
metal guitar,,1
maghreb,,1
american classical piano,,1
early reggae,,1
nwothm,,1
acid idm,,1
wind symphony,,1
classical mandolin,,1
jazz worship,,1
spanish baroque,,1
lo-fi cover,,1
gothenburg metal,,1
swedish power metal,,1
korean singer-songwriter,,1
tempe indie,,1
minneapolis punk,,1
deep talent show,,1
ambient fusion,,1
us power metal,,1
neo-trad metal,,1
jamaican dancehall,,1
geek folk,,1
finnish psychedelic rock,,1
finnish pop punk,,1
rap cristiano,,1
groove gospel,,1
taiwan experimental,,1
fogo pentecostal,,1
gospel antigas,,1
sertanejo gospel,,1
deep darkpsy,,1
boston hardcore,,1
apostolic worship,,1
deathcore,,1
finlandssvenska musik,,1
shanty,,1
deep surf music,,1
classic peruvian pop,,1
huayno,,1
musica andina,,1
musica ayacuchana,,1
myanmar indie,,1
classic danish pop,,1
dong-yo,,1
northeast indian indie,,1
polish trap,,1
tierra caliente,,1
koligeet,,1
classic iskelma,,1
german shoegaze,,1
austrian techno,,1
christian indie,,1
suomirap,,1
argentine punk,,1
christian dance,,1
warm drone,,1
turkish alternative,,1
deep german punk,,1
louange,,1
malayalam pop,,1
gothic doom,,1
musica para criancas,,1
argentine jazz,,1
sacramento hip hop,,1
lagu bali,,1
post-punk argentina,,1
hungarian contemporary classical,,1
japanese dance pop,,1
asbury park indie,,1
deep deep tech house,,1
northern irish indie,,1
gainesville indie,,1
experimental bass,,1
british classical piano,,1
oromo pop,,1
german trap,,1
traditional rockabilly,,1
ecuadorian alternative rock,,1
ecuadorian pop,,1
cumbia peruana,,1
nueva ola peruana,,1
hard motivation,,1
orgcore,,1
technical thrash,,1
classical harp,,1
san antonio rap,,1
harp,,1
azeri traditional,,1
deep southern soul,,1
japanese viral pop,,1
south sudanese pop,,1
luxembourgian electronic,,1
indie quebecois,,1
japanese underground rap,,1
bounce,,1
ukrainian viral pop,,1
finnish power metal,,1
symphonic power metal,,1
belgian contemporary classical,,1
stomp and whittle,,1
progressive thrash,,1
detski pesnichki,,1
baja indie,,1
telugu devotional,,1
ambient dub techno,,1
viet lo-fi,,1
viet remix,,1
classic romanian pop,,1
chinese traditional,,1
chicago drill,,1
traprun,,1
indie catala,,1
classic k-pop,,1
german thrash metal,,1
azeri rap,,1
finnish hip hop,,1
balkan hip hop,,1
indonesian lo-fi pop,,1
poezja spiewana,,1
deep folk metal,,1
italian folk metal,,1
acousmatic,,1
guitar case,,1
banda carnavalera,,1
tamborazo,,1
idol rock,,1
deep ragga,,1
chamber ensemble,,1
classical cello,,1
west coast reggae,,1
kawaii future bass,,1
bronx drill,,1
barnemusikk,,1
kompa chretien,,1
brass ensemble,,1
vietnamese bolero,,1
vietnamese pop,,1
danish experimental,,1
japanese chillhop,,1
muzica etno,,1
progressive black metal,,1
nightcore,,1
vietnamese hip hop,,1
vietnamese melodic rap,,1
aggrotech,,1
musica portuguesa contemporanea,,1
lithuanian electronic,,1
swiss punk,,1
romanian rock,,1
rock cristiano,,1
balkan classical piano,,1
zxc,,1
venezuelan indie,,1
bitpop,,1
carnatic,,1
trad quebecois,,1
rap antillais,,1
panamanian pop,,1
bagpipe marching band,,1
military band,,1
underground amapiano,,1
sorani pop,,1
ugandan gospel,,1
lesen,,1
lowlands hardcore,,1
portuguese indie,,1
historic piano performance,,1
chill out,,1
classic hungarian pop,,1
magyar retro dance,,1
serbian indie,,1
modern enka,,1
wyoming roots,,1
chaotic black metal,,1
greek black metal,,1
occult black metal,,1
kenyan pop,,1
australian comedy,,1
trondheim indie,,1
malagasy pop,,1
indian percussion,,1
old west,,1
bangladeshi indie,,1
bangladeshi rock,,1
armenian hip hop,,1
african percussion,,1
bergamo indie,,1
naija worship,,1
indie emo,,1
swiss trap,,1
neomelodici,,1
indie curitibano,,1
volkspop,,1
new england emo,,1
honky-tonk piano,,1
concert band,,1
lesotho traditional,,1
old school uk hip hop,,1
j-punk,,1
japanese girl punk,,1
japanese pop punk,,1
flick hop,,1
bandoneon,,1
classical accordion,,1
old school rap francais,,1
svensk lovsang,,1
paraguayan rock,,1
swiss experimental,,1
buffalo ny metal,,1
deep downtempo fusion,,1
korean underground rap,,1
vincy soca,,1
antideutsche,,1
newcastle nsw indie,,1
elektropunk,,1
vintage gospel,,1
classic pakistani pop,,1
protest folk,,1
lithuanian indie,,1
gothic post-punk,,1
rap ecuatoriano,,1
classical flute,,1
khaliji,,1
japanese math rock,,1
swiss singer-songwriter,,1
rap geek,,1
latvian electronic,,1
instrumental lullaby,,1
peruvian punk,,1
canadian shoegaze,,1
rock quebecois,,1
limerick indie,,1
deep hardcore,,1
puglia indie,,1
deep new wave,,1
vintage dutch pop,,1
classic korean pop,,1
galego,,1
galician folk,,1
spanish folk,,1
musica mocambicana,,1
jazzcore,,1
mexican son,,1
